tshirt,positive_pant,neg_1,neg_2,neg_3,neg_4,neg_5,neg_6,neg_7,neg_8,neg_9
100971621,159096198,174467390,175608170,186154933,182931201,136274661,157932574,154521820,191533824,183738346
104722472,99958482,182029439,170509119,192649356,184669742,126069000,130868703,167431296,29434795,183030692
105402064,196600540,156262221,142002543,188245588,190887164,187786157,81691070,132731529,183029165,161127103
108386481,183190804,188655944,182203647,136466085,190566403,196008741,180929253,187752465,189072056,191773637
108454264,127563177,196438772,175896036,161073966,160826897,176675460,186450593,124967796,53207204,163876074
109549289,169916764,175822598,185350238,157068351,169225763,174009007,113180358,102283678,188807953,190913403
110465328,186532523,129522072,195966031,143680259,189489803,69550205,179591670,117965073,154981855,85212447
112265128,125443982,192994125,165672180,171877599,164627156,193543332,164528126,185056324,188317816,145080587
112425403,178597480,162232376,145597531,180378487,188788509,84782193,196197525,171710233,145640126,142607290
112606551,60292175,149643670,170883326,181245704,111122714,191386327,199026984,162545927,172935705,188941907
113418109,172023951,111530446,174144503,585643,199775990,188842466,184156005,183412151,197052187,151389197
113629352,165641610,168819902,177926067,130536138,183653238,157770671,76165877,176713978,92059248,142860102
113852299,196352343,184511538,199365295,160966518,101676947,133130054,134701904,176302620,192337066,194081815
114097291,32573724,165308099,183050690,94805593,142986546,180796086,175601367,168113511,193426792,106631145
114709705,140384999,163391496,35329981,183957214,183318867,178824714,155036025,192216473,193098409,115009065
114820434,147323514,146159127,180086653,181346375,141480213,176300116,197824749,195893071,174669059,141812086
115542305,180966388,189930814,190711051,189293661,187177694,182255837,193765798,133516503,196092758,149636868
116467967,123604464,195618014,171908002,181240639,195745730,194749333,147407306,148373100,151563255,160574262
116884393,73125573,159933896,189576014,199575659,123068636,183942026,194878884,186812077,154758829,176892173
119915300,130442597,141237291,189245001,166120946,172544698,191896633,103742101,195745730,187128312,191540042
120039380,141260291,104545305,172947684,145800831,178138175,189765536,156574458,144430305,143358959,132127836
120596616,191809814,185049101,188807953,116518433,170560509,182768064,169352091,140497301,181131950,195652283
121525168,88110432,177422874,181212069,200492497,146665540,185083512,144090846,172913403,186735608,99231240
121559112,163138254,93307046,157091466,160135055,145055992,199933435,193594393,162506261,134982997,138733391
123384235,183407129,183707022,6262122,191295304,147096823,147837854,158081629,183638884,157991514,126961412
125033580,64431368,192936903,150231213,181069398,130004175,182422658,147711510,159187122,187895855,157086984
125494917,142385824,198111607,192675383,181356629,189616701,191356692,60391027,191631045,182471598,92820737
125930818,195621107,51118377,187444644,172935705,133130054,178873761,183839339,194735779,98311241,184617204
126443561,119281562,192633134,200442052,191554072,187340337,133326160,176834604,150900637,109218057,180233315
129325882,154643675,153680223,49040999,175966950,172435264,184982639,196262732,180095025,38491870,32174667
130300628,129525951,140310655,189638619,181611281,145798002,136401994,192516455,165005820,146840284,177967156
130300887,119810121,165781752,195487817,196370855,194829921,163167198,117175328,171247730,197163796,194621743
131587822,174187014,174816216,184514379,155860250,193059683,165221082,163506458,73431541,117488893,150244990
132556625,133693969,195544967,194791452,187954711,178862186,182227833,182239545,150958290,174619857,115840331
133126503,181131950,183041339,128451259,181295820,182711079,128823869,53490152,144873830,180513434,175184055
133203786,167205364,196452206,168978743,158476159,186772935,94986288,199569517,191899202,190236512,193563138
134492747,139823681,168546385,194820053,161018655,169796739,175348156,87511023,176115198,174115922,159885356
134998053,158864597,181068856,183269282,194345734,187264223,188823725,183999693,176824771,171070618,142953521
135211239,112060947,148258269,195564996,183029165,146136619,170134284,200597007,189383358,186586554,183527908
136160165,175349384,193080917,168939642,188069798,189549672,191809814,168020853,183369275,158453692,146024247
136684622,141237291,180086653,189960254,169605409,176575831,135669832,118843308,183331566,183803843,176969181
138150493,169882774,154960861,180000256,135889137,155152584,188999356,179026492,173703894,200288208,124485122
138836783,157761719,187938363,192002827,162828887,187252814,169985940,186767664,149497460,190157404,193517596
139153112,141804752,160924417,99040398,111528123,182654367,179007603,180758805,162245797,197928454,168706594
139526857,60474016,184210056,174495400,161383322,40222238,196910081,73038530,182863863,194080299,173331764
139636790,134703985,155821473,178830262,145718477,188847520,146335621,188260494,183871654,163027729,150775769
139846938,84782193,164283448,198266376,185321877,165737133,160132453,194790994,159431748,179899801,165893589
140195833,154924608,59470112,172528218,197902376,191865821,187211534,155393821,160427468,63311594,70857817
140675068,141479280,189154029,189527798,128452245,158093120,183247474,178763112,194757446,195057771,133681142
140923902,185073232,191435188,190693317,188049263,167729456,180052013,66944930,51529642,191343100,87337582
141076832,141076740,167242475,151071316,188211984,194011366,147122488,185053713,188809037,190546116,184455017
142149482,128381066,140535369,161581922,179026596,191721044,174879969,188071291,191762902,141696330,178639372
142719153,181822613,184286001,167888092,86156042,196676247,195845655,167674995,180271688,146160318,182118766
142720237,138407644,194090199,181164474,169695973,182792444,166184781,100357058,135680955,110958683,194131937
143265192,146009645,147413935,198120973,195401702,171882049,157907830,197117492,190663131,164586374,170042961
143719522,140153585,189769736,195424846,163138254,196487907,175181605,182449546,191612277,141765687,183197636
144228153,167966899,184562129,167112539,173409141,156461425,197648535,142501136,177988637,183257237,195293406
144337309,102283632,183322340,194384946,199022045,184516555,32573724,163957900,180096142,174083624,200817661
144504681,149533335,189954140,29231103,186973193,189581978,178007233,192943811,36085214,195560520,149497460
144839995,141358408,174689921,198111607,166298360,159125944,160036054,170652600,179571510,182907458,167985987
145227118,145611607,193032787,154946107,94863878,188204114,200963901,132101008,194506385,181264280,163358470
145295069,189280384,181672631,191630970,147764346,195811168,127253990,154023127,187722491,184403634,159457088
145401110,179514960,175827953,174669185,200355201,143618052,173294268,147249690,189669800,52926928,129190277
145520965,140963877,173679789,190964743,188851966,191593222,184508362,192576758,145868624,146335621,89434317
146151037,183976867,148483142,188746628,164167022,175214184,179445814,173164382,152123416,199325674,193732226
146178726,142486059,185004474,160840573,184514180,173337374,192398763,191298480,136795222,135638520,63311611
146207034,100451909,148325099,164500144,195922163,171542167,160051009,122738267,146376882,184964914,197108955
146816889,137003417,179433302,178356328,193978522,163111084,125443982,102203355,193917753,184455017,142719854
147436851,142327189,190594961,166507678,162821044,124671687,189310672,186535015,185272105,193161790,199916901
147712667,142498406,194409308,200509216,191527399,179591670,33680928,177724488,131657024,187408602,174361933
147869705,163506458,140963877,165779715,186586989,162816134,143141682,191900621,100019428,186408744,192661494
148499656,2670691,187707111,165644558,201317534,176824715,165686955,192113137,196639993,183412151,192987610
148708512,89027333,194517983,166334342,181048718,186509984,143471547,180890583,163462215,139360422,151576576
149199016,171098511,193513471,197216670,127699337,159779117,196867635,138838985,179433302,164794887,179664268
149224042,149223947,120047066,136024249,160051071,123265930,185420854,193818318,182580307,172787078,181045269
149483157,149255059,143218272,172628055,192545676,154415686,168150142,144348117,146151050,188808972,169225763
149537936,195475647,156315667,105137774,179687347,45926618,127654318,179499852,167904377,157097970,188158543
149557414,147464177,120910573,197250789,103080672,190535374,144841971,148004484,157991514,184764851,91093288
150193737,146838171,193647621,167914056,155602068,127379202,78807565,159844027,177610483,124601204,133068986
150231126,199204311,187378724,188250207,163620612,162040459,155733385,180613342,197482905,187940792,196020941
150239407,154469787,162606544,199664201,168870271,157703914,75973390,192850351,173171143,103080672,145065235
150240743,151722587,192695439,137328477,178929792,184964914,173036487,188785814,144257794,173210477,177509839
150264021,143344142,176777773,195298003,175608170,76776893,194096897,147331696,147279057,107906186,180885415
150381735,63311611,138626244,185951715,174333641,140250804,187715347,195424018,186774387,171317363,195385701
150870098,110322556,155172953,131358480,184210056,169033629,198298940,172482053,169024039,195387738,131001404
150883655,187518062,113264808,192497635,195924838,183678872,193027307,176742651,163437918,182575686,178830000
150999906,152126288,142327189,193509468,191319589,174814099,186042535,175353652,153770876,178912980,157088164
151061133,124601204,118847097,177430836,201079492,140438847,191536485,179724553,78838676,185770728,167871723
151072486,142506151,106673858,195900764,193066303,179210394,182486450,183380881,111528123,191013904,166967858
151460702,109344972,161849213,156781670,185314980,187464707,166774879,88966224,177602604,200703737,154725134
151957242,184556381,200509216,170573124,186858662,186533211,177563512,192889868,160449937,32338795,178578832
152069819,149472518,171249641,175017593,183707012,194662935,162989644,109264339,170994036,192423773,185318708
152073779,182468484,173719439,176828371,179667977,161602421,72781782,187040400,177649151,171168103,176469239
152121903,150724883,177134368,188957522,196572664,183893256,190827862,196063769,190063603,156591842,171480370
152179966,86364647,158662686,178453794,92873457,94053972,164679282,178719216,191314381,195066145,179209463
152291431,147860457,2621507,190611572,191849989,143083852,174342565,194882910,149185351,191404370,185416672
152379601,182454984,197918696,160986190,133309606,111589956,170996962,190809648,193092733,197162698,138251709
152379755,152379545,150969745,180659109,152835018,193211357,196092758,97603709,60292175,195080649,71930023
152926555,154940272,193561950,181915970,195595601,171188770,176986342,196452024,180839441,195684635,195424103
152937439,184261330,132612332,125583419,194924699,143777220,127699337,120608074,194735779,192451835,171702110
153475760,154839357,57731155,194962614,158499183,197292868,188123591,177361499,165889323,179283701,195141009
153505720,151263056,193988021,187321245,170458522,151582517,2670691,148660140,131127677,175184360,197473858
153685265,146875071,156467819,195540397,185007003,201335893,150730140,186871276,182740325,178639372,129617830
153861347,151169355,188647606,133268745,193928183,162150541,173070324,99965006,159578722,170437935,189165180
154021011,185994904,194592022,136196250,192394339,68128199,183754206,157204129,42358390,185120758,136106034
154308990,50007187,196985944,49536524,184985962,189576014,192337538,191621645,195449819,162267771,151496072
154725142,154725134,174484228,190469911,193591681,166565238,191548653,164283448,200450722,142495146,185841164
154898602,187858898,161866073,121767934,178578625,147297239,186450593,171026026,114895700,129761348,60424047
156051789,141224249,192997667,138054789,138460807,182862910,181799615,89081074,158358925,106831334,170901973
156261577,179813269,148527120,197201665,159472899,196114452,175926992,130097385,146470327,194791935,188633665
156323636,177865881,198696042,182260749,188544906,141924556,177223199,176094722,194878884,156325876,190992735
156688761,177588926,153770876,136838585,182726323,193891535,187652557,121415062,147535338,161862389,131657024
156911274,152895828,191292231,199268798,52013980,183742071,177321497,183939548,201896378,190689313,149136509
156925974,142266667,201125817,137773081,192748266,149856502,134703985,131189850,160952123,181706047,174962147
156932847,152126288,161323862,174796959,193222893,183612200,157113099,185278134,198271706,192394339,188853792
156933721,191371350,155860250,183153395,174754405,171619347,195068338,184280854,149090228,198285987,175277910
156951736,160537344,190015296,167589272,193543332,189660508,197090138,148082801,197685925,183310804,183340699
157443889,158476159,194689928,190030204,188626942,170992596,198719467,178479039,91545142,91034510,193529710
157628970,163559284,120852670,163833207,193564737,190455520,185046400,170214844,137997774,154924608,194093714
157701816,159855650,160952123,86156042,143057277,132246199,42874105,72008228,195891118,159471990,181212069
157909999,173439148,191482449,180879521,195238525,121857206,151876708,161136090,167242323,173399716,199325674
158269365,186512657,197163796,104265065,116156700,186439857,109573047,195771291,187716984,188774207,188341333
158642028,165672180,195942519,174187014,181799615,181338396,168870271,173719439,94805593,182460176,191536623
158683658,175423172,180260429,193117346,120910573,200441609,191894863,188283414,111499199,114055971,142860102
158690538,189847285,193896329,177591375,81197337,160011142,192276375,157269406,164523134,163021682,171289034
158691155,163787819,186025611,194592022,192415036,178131852,151591751,117955537,173788525,100858971,195882210
158794873,110169860,191546917,183809487,191338253,197114367,185925042,176333372,191319589,188042869,176467609
159179911,144231715,199471071,145598390,172591112,140706426,188084396,138023195,195746337,178475928,135561242
159361211,173501239,196106131,140799487,198109739,159240597,20573645,186014850,184063326,195486772,191222476
159853223,164523332,149793670,162513810,120047066,165128318,163622460,52465432,166181817,188885513,191896412
160080212,187940792,195510162,194234823,195575821,190859512,166112413,145187512,166497107,135865547,192823572
160129137,109141104,167887920,182075047,195135774,160815383,190779153,191087866,169024039,164741251,201729387
161150977,157616693,185181184,192970041,178898080,170560509,101313763,189893783,195507696,186256011,137032394
161216274,161218071,156608832,180648258,104663318,177327463,171952936,199909550,155340366,141474849,164952003
161316427,148823416,156713519,25156197,91676141,181674712,193812506,189826821,157610088,149549584,161755260
161324338,154528335,193987517,101468121,185760005,48427504,104703732,151163331,138000032,183052865,194793632
161504483,166622660,194618087,74173296,194592022,170213195,197595875,103251272,197108955,146479867,163336860
161891269,175061898,188089382,148610385,164661495,160526158,158009575,192949611,202382575,200440426,184384622
162195107,187363395,188985986,179660653,193875565,186591177,150658114,127379149,132260215,170470664,125584266
162453541,165327764,190030204,173134114,183257237,184352490,161951779,119268034,168786176,166504774,177134368
162653076,167458538,183939548,120504960,119854670,186930096,161730812,196681667,94053972,162766548,186871276
162817907,173026795,165581754,195385701,179793548,184583042,172328279,168095048,152620723,186845042,201020326
163137989,165798311,201368344,185423904,173097820,190693317,186171658,195827872,195936544,59939642,175964329
163639685,178313841,182083345,162762742,162606909,185240524,189638619,179552477,177141764,191359972,176888663
163648546,163584429,136107461,185979817,162417977,196883918,183224819,31508767,182141404,111783415,102844994
164777139,171142714,183033522,168170905,149536474,189905339,153804021,108277339,193561046,200431255,82230019
164831059,145181634,188761193,188341308,140546668,165280010,194379716,152199812,93410621,164542233,148373478
164904349,163445867,146551783,190128538,170213619,146255738,194837848,187772357,178583997,185734305,187505584
165010182,174993578,161138359,184996984,194367464,180241003,167166470,79124884,195266256,183034199,5004594
165227582,163021682,183935563,188568826,146470327,79758639,175061898,157043747,161328238,177317233,195138352
165333755,203260029,185134101,118892405,185199785,195818270,64201476,191186808,58371838,97337383,181765151
165521060,159216863,192324874,137417009,143574671,189886732,184352490,173097820,166325437,145065235,161730812
165617666,181818139,178460824,199745373,183999693,195484957,188782350,186632539,169243252,197109183,183404284
165650826,137997774,162311079,130377971,136805906,141353737,198715482,193558953,185004474,153141704,171140136
165756392,130536138,43331220,184384622,49598286,183656422,193631145,173616202,192391764,175464397,189455890
165987051,165703938,191656928,173743464,186162775,185760005,171575607,165214491,190349193,160748853,196919830
166055417,163172990,192113137,201737185,191573368,164932674,67930698,146659703,123890142,157761719,176769156
166294899,166576588,181632979,194089854,167242424,121097831,182141404,116347563,163621510,173381727,91310045
166847340,180288859,195575825,77281463,167995238,158666462,183609192,191014702,161519632,189732504,142992919
167301409,167285395,173036487,129783809,179104989,145733720,184025280,200359037,188426553,163947553,183003446
167330176,173407276,133130054,184505771,181590928,156107177,189639764,181690041,101303851,190469339,188533003
167721192,180979859,147122101,189904539,140153585,191319555,138128316,154004329,193194705,189781364,188151310
167726289,167729456,97633507,154719064,172477561,186578022,126781137,175254554,175759257,136518282,178813949
168448504,160208275,154631675,135022921,151132747,169061745,178803772,154982228,190242288,153105852,140310655
168717418,163529823,194643493,116612726,175635797,173798613,201642353,190035025,114124212,181710188,190204018
168915659,164678398,195664725,203260029,185361453,201517873,193066303,169886336,477141,195502032,176511258
169169389,176469239,161488896,176470334,167945540,159518515,63446254,194361882,189263679,164304723,141700910
169169971,165673284,195531990,160499261,151837158,136726436,138011272,172513775,168978743,165674895,178342970
169267896,173703091,182362708,189782075,168618507,186701958,180807073,184901628,154621415,154960485,167673148
169351124,153558750,173111909,148200242,161866073,172512866,158505784,188754754,163828110,122673705,113217611
169604407,26232059,169263600,141475097,99589405,194823169,197821905,168890698,154442167,161081665,136111992
170145044,183921494,179291613,181895806,80526594,180845213,189379643,183999693,159530942,138009779,177422874
170741046,120960130,183726281,12669699,173790341,192405348,191794217,159096153,181340092,88354939,195931233
171096034,184751167,176824771,186355332,183818914,157431945,192476086,195283342,196224061,172478723,161098421
171289109,185144838,174546042,199909550,115554169,194754651,168095048,127253990,146637001,151393541,184144871
17135308,83319260,183022992,163974344,181615904,197821905,198029174,194302044,176029255,190428500,182618704
172266855,171726048,196344738,189769881,193683028,138610347,129568613,197204913,191491331,171532970,169065934
172330092,184778089,150738540,182532875,79634241,183153720,191479234,147836427,184874827,197768267,158334068
172480330,172481092,116733102,18976561,172528424,184077654,195966031,178357872,184384622,175145223,143404214
172482499,169600601,164592988,167589272,169351919,190554262,190349197,195502481,124311321,154036799,97264742
172517651,176569257,188269930,195218867,188084396,136799807,144235106,187066715,96594859,193102247,170714231
172539981,161951779,174638721,156933422,187379180,170208614,175837880,149472518,78838676,145311905,185724287
172792801,88354939,125679391,139628511,172117753,33680928,199325674,116973476,179664465,138808446,195004421
172914209,171637697,50636745,198326113,179999441,188139002,154433693,118049130,174238894,197103406,179904105
172940073,197166685,179663606,191699209,169314830,154563673,154756928,192454044,57731155,143267729,154017518
173431050,174895749,159736512,140516750,168680583,183018658,147468232,177621514,146479867,189156344,159754996
173530292,184516745,176569216,181001486,74709134,156932316,145313881,191578637,162821044,182576247,188824724
173598397,87337582,174895749,103363196,156841305,181738641,136518282,184629501,183425980,198034192,166739066
173633564,172708154,152198235,24355582,124605419,134296824,195412456,192698284,179299513,163067375,195144217
173638222,191280304,183620614,178728013,81413371,199769821,183696060,157516112,169249898,183999693,192181809
173640717,190128538,195407743,148687731,48679071,187177694,145759886,170213619,180269057,196347314,182467422
173704741,179262186,161958084,160770230,175254554,192401369,186532523,180595815,118131815,161245125,188260494
173723766,134763300,190400888,195498056,147518164,164324690,191993101,153620099,184119569,173036487,196931190
173764188,173764309,139852874,168095048,182657838,189525111,191554072,197829317,173164382,178226662,154380731
174013594,130076283,193644747,153770786,190833286,175353652,146777917,163341216,192113137,190025137,113379558
174048777,180980145,190779153,200162697,172435264,147836427,176719134,151473661,145508069,158921465,139945306
174120577,161602421,197590256,188436968,165697927,193976827,196600071,146777917,139823681,115841227,185082092
174218865,169064602,165844449,201357819,173002104,199797092,96086948,174172447,188211318,199596946,173813588
174368351,197479611,198616538,149636852,196883918,132567381,198621559,196473165,188051502,172412023,195424018
174479285,169225763,86385560,187333819,171926123,182440491,189291960,181115188,127379116,147406976,194595906
174528891,1741225,193977681,190212971,188041180,191606348,190490186,174639052,134858641,201115543,191017985
174680744,170882885,193861133,148340307,139292445,177321121,173624781,157766431,182083706,193649981,192766945
175183217,186591533,194822330,189774513,158252466,190229711,191006530,134910894,183792473,182687758,196326195
175714263,75205604,157910069,184751167,189394355,195069458,188194551,187949728,172530045,197295479,106664407
175726744,183393998,189078941,143550669,165226519,189289287,186053857,196007836,163080588,144423832,166120946
175896073,169720696,184279407,168121128,105161126,175728920,169963330,188760878,141224249,196685667,184853536
175930342,105607585,176467609,188795188,172627827,173460109,176793302,49264588,187727749,148376217,77841941
176709055,178601643,179704196,171955545,145034120,179874302,172638321,193654461,175015155,188194665,184014750
176731211,179795827,184253612,181703137,159169146,184439727,196315395,129617828,182905675,190236512,175440111
176894219,177059301,172220258,192326144,191643289,177724582,192970030,196431897,178233450,177865881,156087630
176941198,185235301,159267861,193650545,172557661,193092733,163099618,148335585,188897616,178551475,171554340
176960999,178862617,197603670,194989579,161815128,152862745,82255359,195748529,184994826,185151351,173139176
177035535,101304188,130004175,192423452,171652912,188371075,193594393,186039392,178367650,134599721,196487907
177189329,193546918,195574471,178597480,160930346,169990755,177588926,195293406,145226677,156450769,173861001
177862283,154967868,188141013,160099224,190546751,192970030,169390450,199891203,188655573,189960254,109516296
178129337,145055992,195678938,179779353,181762920,192403055,104516750,65354882,174044706,140954449,164186018
178281871,171637385,191695908,158575212,176847060,116864465,193891535,172944653,112629266,195387722,151877918
178369855,178325328,156577103,180061020,151293401,185652326,49168523,200541591,198499756,182617051,163751437
178457779,193987945,181737285,74709134,129799314,146623123,188373795,171322859,157688080,157081106,180650819
178717260,129459671,191537937,197545873,171908002,191280775,191578637,140069960,152227695,184225938,132495451
178982792,176343026,163621510,170743576,148120568,143242650,59470112,171251685,182042399,134938082,195160647
179069418,173711199,191134606,198728721,159911541,83786366,187082951,164450454,187941101,131082845,182299115
179108231,178899571,184381496,187212738,137677357,147493906,192037519,165069156,174119877,173677969,177045656
179200902,183391012,38002791,157348773,139865923,191486686,193940722,173943277,180897101,150726069,174094924
179252591,154679418,199268798,192998165,192398038,191032919,161618738,147564281,115268617,200359037,118353532
179485655,177184787,171381062,160036054,111128890,186533211,160593527,195013833,197859675,187980366,198073433
179791132,167848318,197052187,182314679,184154812,192734959,126444771,174638822,74173296,162606544,92922132
179819512,184516582,185375146,192276138,178139392,192962364,142269507,170228209,198953382,165459034,148303388
179846483,147012317,200651217,200948761,181054554,121528279,130342533,197129130,190304151,165224285,194368489
179874702,189148609,177073231,175314558,193270970,193987516,123169563,167674995,194610067,197799616,180781386
180018122,183626147,188479850,77601459,170987568,136479739,149123921,173606633,121856672,191647021,185357844
180075042,189463580,185134193,51285135,102337343,201729387,158797791,145800831,173211237,191643865,184511935
180164296,177967156,197190526,166403968,165780519,161420017,180172785,193041188,73286700,191644210,185842930
180261071,190675263,165998820,79531092,200330582,199596946,195394650,184541685,196113290,171523735,190340453
180277853,182362708,173012557,180068055,185107305,195678938,180555934,140092344,132246199,21322256,165422242
180388139,154960485,163249099,165245512,188957522,196599808,193334618,68128199,181254295,201786584,196094958
180420184,177509839,182418281,167756346,171186576,193150909,134921599,186872249,186986936,187962077,188677486
180421885,183283550,105306536,128445947,169951475,164196024,166054365,177966920,194053158,113289600,161650671
180446561,162392777,135824155,178769512,196347314,168177770,131572358,160395784,172627827,191319720,156264057
180446888,160099224,145509524,170901415,174042918,179319329,144210242,185742022,175023633,170043032,133720049
180640880,172944653,188824725,188531542,59768050,173734945,189046573,187136636,8567146,153359029,156303794
180748304,161581922,193591681,171348943,159096094,185862927,15720766,16673848,166334342,149576405,118618061
181079233,176675121,132731529,195147768,200052594,195160891,200781998,156768765,179820764,191607636,179318365
181244061,192960228,143502688,198932978,186596168,357896,186326348,187716984,184835831,176740295,171850507
181292305,198326113,115327142,124967796,151020127,197306482,200860968,167314932,171882049,200382231,122754156
181318668,179525824,155984621,174763370,187980360,193631145,60399018,193800902,198029174,161403995,191614314
181357921,195100942,178997315,190278817,201299603,187523780,175896700,121693370,158617664,194837848,191121443
181709701,184088588,178810032,184564925,166807031,125106739,192502290,181653312,176335838,176960763,196883918
181714824,162798632,196017448,192688341,180518546,156535070,172516330,6344059,196290178,161420017,153451094
181725736,180739384,197824749,187921040,195729093,195424027,186327106,141254880,184338077,140236069,139431275
18173968,137569492,122687494,200075176,185753708,195667073,196017448,127379154,193588693,193159032,134863754
181907469,22790486,157014064,196573465,181083165,125583824,133118345,148527120,150412781,182618704,160162608
182225756,157519336,180379906,180538677,158093120,175946121,173637538,200172595,190313789,146969357,192413906
182373155,140911816,168538610,169828096,167702056,125601803,196104875,177966920,170346827,145164426,180005065
182433035,141135947,184516572,176786664,195486073,193173479,152450146,143898430,175348138,183760642,176575831
182435949,174133240,18118577,192310837,157449228,165047543,187796714,178885446,61063443,152596324,171926123
182474976,172017618,181161377,171575607,188185112,174822615,102213150,193804610,178142090,159261891,181611281
182778135,58212898,195700695,188714604,158173680,182542203,178898080,195216014,196732419,172591117,199037425
182829560,151807552,164278306,182928691,197349486,172166607,194646846,158689712,180379906,22873525,148305793
182978458,169569508,122940853,192997609,191029078,190164492,189753332,194791935,145088583,166440952,152974068
183050682,100263578,169720157,189595260,199700491,154839357,200959173,62181142,191538695,193644747,179106001
183227137,182460176,182658911,195314558,148697419,191121443,189455606,57049017,188408635,171744364,152455939
183268527,171804104,189160286,144507523,183322340,193024953,113708713,151807552,187273906,116964704,189293661
183353883,185297768,200381836,183311631,165686782,201258451,186669415,65004330,164935970,133467793,192515430
183564058,172521941,189949156,90531381,118049130,176793302,199471071,154435765,180403806,189820567,156608832
183590966,183590929,178719216,180776898,156943696,188317816,193928183,185199048,185182909,191634486,114531292
183648968,182569167,167118184,148364286,181871768,183824042,73995271,87233724,191359972,147315877,120569725
183650723,173788525,195039862,199996485,180879521,106591121,183310804,191167468,189488904,188260494,201401080
183787140,185548056,64431368,180999339,193099708,186450593,183969684,185134193,182617051,197780637,132014753
183816715,178983657,148534101,114616791,135865547,188531129,53702526,188194803,148615819,120648842,158575212
183863463,183601391,195638799,177304182,200030203,156401201,176740295,134899493,191675652,181166025,181029970
183880191,186132409,142277166,192775614,155849291,193779427,163575453,198675065,196444312,160487366,195311625
183909488,179983446,144495206,127612366,181073873,184974171,188211984,196858096,181907435,180500188,174337495
183942932,188436968,192586709,138854039,200573556,194793404,134863754,189590074,201917402,181569082,152835018
184099199,196019455,194837471,163787033,160809447,191652019,191358666,189910776,163947553,195544967,195502813
184233945,173409141,198191415,183312221,70226679,160768765,195225965,179668339,149597213,157698843,41638155
184324494,171652912,167966899,201469264,33680928,164176537,189289287,184495871,185912515,197196079,147903113
184396003,198055660,181338213,139945306,193058240,168869995,188006690,174183392,176824715,138907024,201737185
184512066,171518721,107896983,194253536,175254554,195242248,200579519,136855075,169870788,196377419,194033235
184726761,190823363,26162884,192313035,197791553,177601592,126082126,183486674,160597881,105923809,70296837
184727036,179671017,187974544,193563609,192113540,157704244,60292175,195618322,188376684,183269282,161887500
184734248,144613014,197545873,188208671,155014420,188823725,142404508,171024218,191503860,141376709,164486028
184754098,187707111,72357561,152010141,181658785,149915394,178728013,160223278,188373211,181632094,152230498
184797981,149621361,137003417,195544985,179897387,188882190,200571951,190004616,139239237,187686863,200198172
184810013,197348000,114722700,167071109,103478933,186772935,164436974,136713600,187444644,146337069,133605840
185018909,153785484,189144626,148616049,190487564,194937743,193779427,145685666,177191374,183981623,176333372
185083184,199575659,31039065,97982777,169963330,158769036,189750573,187497851,114531292,183976867,195152947
185171266,188128848,192766303,184445330,169972140,130516347,193557698,183530141,183943539,185754822,73995271
185180840,178572285,188836055,193203066,152905826,191042197,174858955,179049884,103431956,193675806,131080555
185190320,182305508,188590793,183030692,177001278,178367650,178342970,161488896,166382388,109074290,194625967
185262318,183934934,188269930,192451835,157097899,200330582,185800813,20381223,193917753,129880505,127818690
185279837,174638822,177594492,172876189,163027738,176729730,154221758,125988232,183829019,196385158,191199691
185309545,181893821,197920199,152010141,125788066,189165180,199818288,170436083,183972441,144931590,177988637
185323220,60746056,140844422,180169241,158777748,192081693,188713072,194303160,152544703,183638984,111695183
185424604,182333702,200051430,171694909,194872026,183014866,196197736,135899961,165044512,184007316,139652769
185472619,181264280,177110336,189464809,188380231,185059288,171802793,193588693,173664271,183394152,193102247
185544389,145003460,120870899,156294636,102282866,191645810,198899428,144492297,160386350,176574336,177122565
185687906,155984621,178055688,191782979,163067810,189461544,197529434,198096548,142464402,184629929,121415062
185904283,183235218,174029409,104663318,142393858,152919908,137569492,191404370,188823144,194101496,70093956
185926189,195574471,92140347,159865806,150950135,162606008,196336732,83869684,195559208,154563673,186148339
185928219,195731171,195145062,196858366,192606942,194798977,141474849,181332682,182422202,155602068,160416134
185975952,193721571,171199173,186464199,158612306,194173219,45645405,142436075,185107305,186287487,168324071
186015058,189781431,151009561,183280481,190402027,160526158,200675816,195198129,136054419,114368905,191766115
186025204,134002222,188157977,113026207,184324840,134677854,87337582,184310737,153100288,184915743,97857755
186031270,192426021,170653319,194719670,191805464,172810187,178537047,195922860,182632960,186804073,168706594
186156662,186691675,184067447,126069000,177317233,112032335,195299266,194759899,189655837,145606427,196534944
186231653,185963916,176548092,136478078,167685916,191550425,183578649,187146623,151522828,160706489,170433926
186262912,186596168,196203377,197829317,190296581,148082801,172612415,29842195,201897557,171286624,104713953
186265624,191646804,193503619,183322340,196732419,185456890,11553972,187513557,166497107,172502585,193817070
186401270,188682397,191371365,159897898,170752724,198285987,174575371,150888794,195810163,182937139,179905435
186534901,188782588,187616046,191149966,179587517,196068064,158118186,152716258,191029078,177473562,161436405
186563489,188970687,182618704,150487698,177292461,153619879,177434084,195895676,188706510,168342970,149633086
186592613,131522777,188204118,196569117,191552411,190996324,78570719,179664268,185258267,127117579,157058733
186625225,185863190,164447605,159187122,124747177,195185173,184381496,194053158,196338791,181818580,163107931
186744176,188339150,164436974,184912899,193561950,134717372,181989101,182401285,180520067,200057745,188358684
186819778,193288501,102283879,182562964,199208326,39468537,195479135,127293748,174631511,189496402,188380278
187193688,185592949,122797759,157043561,196687838,183941466,194707299,175832406,185286503,190570956,186165192
187203366,189263632,198364255,167076866,164166989,104663318,181952506,63338182,184934174,149428808,129459671
187219267,187260399,186088450,194734096,196377419,74173296,194277886,187498663,155791416,162261836,143358959
187287048,183602199,134702882,177417391,144148176,155393760,182491859,185322496,172019664,154940272,197211773
187338196,188804972,189813091,190336512,196572664,191224360,146604162,139506765,127379514,148052106,151872925
187582894,174297347,188426553,163751437,194173219,156915181,170654676,161136578,200288208,190315499,188346833
187728287,194394755,195242248,159219518,178138175,158702110,136673556,191621645,194605423,198108544,179178951
187815727,160989428,165069156,181288745,156451305,165040517,194673141,123763250,196639993,131600308,183001449
187820254,193059941,99691733,183981623,192576758,148498000,147315877,194761829,200565868,171175535,127175083
187921250,154676849,194343168,192820035,184476437,187560275,196997515,173224984,200963858,197595064,200761285
187980409,177355923,188811712,193817070,172805213,186967451,152970771,80471234,146458342,176778258,141181790
188052867,151516813,191505861,196984951,196599711,186804073,183921494,121173568,179925642,135531951,191089769
188070252,192324874,189291960,161318884,138293417,181070506,193531762,160926011,129882508,193896329,147903113
188155588,178798079,173943277,186025499,173381727,201139729,193644689,186580963,188929191,173084309,94295183
188178843,188731836,187004029,183872492,174456719,171074796,183355423,140827525,147234871,193098409,187472077
188374178,188169040,195612294,192966244,116425914,196017448,177130334,183792472,193634592,196240987,192158288
188377342,194510316,184830883,171878293,189732504,135879460,192214081,193731635,181657485,179263611,103391743
188380693,190545665,97266824,144814763,174778089,156087368,145082870,199664201,147107506,65330355,157610088
188620479,171877615,139507679,185297991,37672188,125070319,12669699,181845564,193987554,198479779,189152813
188673224,190023351,133232027,170780656,67997123,188113399,188823269,83552962,173459133,191702695,165082078
188726574,195513370,124039646,163550824,185258267,142992919,191320385,169602732,184862233,175368837,117826302
188759641,55999987,195325004,60399018,191974414,195301853,182674477,195728675,187527595,180758805,188570389
188788487,109392902,184538789,181156452,192733582,149469760,178859810,181343771,65450394,171878859,156450769
189030845,187642913,98320323,186166023,140430675,159370647,135784633,195560520,200287844,171902886,181784681
189196358,191579851,196315395,111871352,183735192,123169563,78350238,181568992,183578649,173704455,195517518
189294026,182575686,160022267,183647170,179445814,201554860,175416676,142385824,191252870,178358152,196327049
189392704,190233287,185423904,180756582,179525889,142404508,159936220,196376188,156769447,197648535,146874314
189392998,172527717,176491533,144912036,193531685,169058640,173743464,136295684,193641233,196177236,193132810
189602387,199813756,164129269,183810072,168870271,188882190,184871935,191539301,187134563,178604254,179006617
189630534,171253271,178211649,178226662,182442474,33212451,173294268,168618507,99569615,132127836,192327602
189638755,175023147,116425914,189668140,179342629,161666407,177918029,164898807,160989428,44008297,196569117
189716520,189738230,190868026,191317114,181294884,182227833,192426021,167803470,165327764,184822001,193772470
189758166,191306069,151025502,170450165,197315216,171093816,81738053,169902128,184521204,83328681,199225728
189758443,187957491,181277908,200565310,191794060,174119721,182423223,149185351,197096833,7341308,145309855
189766706,191238965,173664271,197091088,193890698,197571686,201472882,156750556,193875519,115761249,137871547
189814667,184067447,187652557,46320176,149667295,147912425,164702284,185975446,177631298,181034519,132977275
189834295,183742071,195486813,125583419,168538610,151563255,152019306,194080299,188435424,193289211,199575211
189841848,188553811,186934020,200594627,189761816,195502032,146335618,171922964,167351572,136870346,193407769
189897969,190264738,119810121,193744053,178152884,153284491,165018304,191539648,197312735,146255745,184511538
190007507,187971726,160836764,192084202,133130054,192377178,177785493,191139025,140238420,73286700,181277908
190065175,195389203,181672631,154719064,172011526,122570308,101438812,193177211,157431945,139403480,180196824
190170890,190108116,190868929,158581919,159431748,179294407,105672554,190402027,181161657,162873346,158921465
190333972,170278372,146638785,184562319,192994125,118359285,155776566,195895009,73873316,183903663,98381471
190460681,187946210,197097036,188842466,186075875,142786350,145759886,188167740,155026727,191079554,183828731
190732954,182628139,176999251,176722055,188152863,195630347,128222986,169016260,194750113,183021481,181840151
190749297,194707313,112589858,166499179,176702223,126910516,147249690,187567456,193723472,196326195,122150490
190983881,163581987,199394984,161529405,181701258,186419257,183905495,189488904,6262122,156389212,105334304
190987914,179838762,139852874,186191311,191616491,157992977,1458872,200598332,187686863,181333535,173521808
191017672,196728569,161098421,191314381,195475647,179663606,192225391,178370514,187417233,149243312,183405063
191031920,191235002,150352737,194709061,173111909,193732226,191589153,65874418,47392463,123916059,170466286
191070439,182542203,191793761,194591946,193600876,115554169,171874741,187568435,196852142,163336860,193475096
191111204,195242248,189038186,183773340,159911541,133212408,182449546,194837471,171026026,193907154,196020941
191192703,191143231,174195008,115290158,103499482,195597751,197166685,155738652,176566249,157897710,179263611
191193949,197048851,170552182,171563877,167914056,135824155,132504133,169076208,121856672,184822001,153234360
191309973,121590744,172319069,182239545,183555375,157651032,142869933,191755357,196600540,126175771,195528161
191585454,189269838,183014866,172220258,162914963,191785077,186706259,183021646,193894281,156258026,183616412
191623691,194368489,163605444,159843793,179037628,176509613,195429329,102337343,139292445,193459270,3504340
191642200,194905700,165666335,181765151,191308693,187483972,186070047,160809447,195301853,174489494,181971980
191645557,192745393,192421743,117872033,136714376,146457315,185603738,159469204,173729197,181657745,156988336
191681924,195590627,180263271,169004055,125842060,41672570,170458211,136799807,186864413,110137001,171080303
191689031,191796984,46775975,134343644,200120635,102844994,157845575,188640971,180387624,160083611,192667638
191698091,182453234,185683712,147564281,157703867,198623909,178854653,142464402,196778726,189761816,196053632
191889977,197527403,161570851,195099258,186934020,195538864,140827525,125842060,127916940,177602822,64425186
191956836,190913403,194626072,185302946,98311241,164895715,149860516,173457165,144339813,142218773,186845042
191968636,153620099,187728394,76066039,186535015,164903407,129865157,195140761,125152263,126170679,116973476
192020745,174183392,192413906,178612022,190833286,176702223,184564925,114581419,172913403,154297520,180980145
192107359,192998165,134002222,149636815,96954859,191319555,174451466,199054351,177073231,158581231,200773009
192147639,195638799,71545997,188682976,9069147,151071196,138407644,181164776,153539451,166070404,173637538
192204348,193150909,170780656,191386327,179485370,108303907,166460249,184024113,178578625,153050647,163947553
192253546,180633937,199363207,167702016,200565310,154719064,138907024,196370850,174662809,163620612,200287844
192372749,170426701,185046400,192325993,167736853,113763854,161136042,60790092,183311631,184742581,165776320
192387945,191702207,139354225,177361499,194621661,194936027,194877580,203260029,183561302,178007233,172941122
192394977,194643493,173613762,175046485,174139876,176578230,146121287,186126298,182562964,174929296,201189010
192406364,185314980,173734810,32137517,154725148,177355923,197799616,199966958,160035498,136884220,186491075
192585964,145018177,133068986,184523345,181794629,139856993,149673015,179085604,189066349,192995830,164365476
192588043,192430537,166702019,155779747,126952523,179445086,183834763,195618669,136024249,193617924,185195090
192747428,192734959,194646846,181252722,165047543,156841305,181066630,135889017,165034487,107569053,144326269
192773868,196479650,129617830,190786703,147409003,178079549,174775618,171174428,139613268,120464032,177085340
192797617,195141009,178295070,201644498,145707619,151507227,195484957,181905715,119854670,182682682,187974544
192925467,132913487,175277910,162417977,145508069,188930793,169786024,182020870,143242650,178564442,113459726
193022691,148335585,176666625,174856125,182331268,123748768,200261752,140034314,187980627,191612277,194033235
193056887,189076716,158453692,181597338,154433693,200198172,200509216,184587834,161815128,139292445,195845655
193083583,194593556,71851472,171252305,178152884,134368017,157194832,189463580,171168103,178196950,176510246
193104756,193690218,114007580,199596708,146337069,169907790,186774991,200374580,195387197,174982173,167587834
193192417,182532875,185187558,21937037,187391821,196322778,151877918,154596610,81012522,174115922,190063926
193299268,188754754,196362229,168372734,179914954,138023195,128714772,202797711,115139645,168697396,111610521
193496249,46929401,192328982,183016012,176110934,127175083,148352229,149793670,178801070,194810308,191479234
193501467,187078179,183050055,140735546,184216455,65667916,178862012,181818139,191539702,158121032,127974721
193645790,181332766,191631216,188069159,193066303,188655178,157610088,164952003,145018177,151043398,197506808
193655195,193642342,186076585,160098679,173127104,106348794,195599515,177509839,189165180,146151050,195319248
193662980,175457287,163833207,154596610,189593257,91034510,182790903,169677343,184103183,184960980,149674231
193686049,194528572,191660719,125157918,149607212,162411432,192796034,166967858,195486772,164435912,181339814
193710465,181353609,192327448,86385560,198597337,149621361,145870095,184166392,175457287,150730140,174219577
193755781,152035319,193945056,119101477,187508121,170612700,158900299,168870271,37705277,178246699,183292743
193994591,192820035,161005527,180816340,157710674,161420017,193334391,142558155,183312221,185781328,112032104
194277594,191305988,107132889,181993437,170859490,183866451,174094694,196077002,188697476,199636178,180196824
194287844,194939651,93412013,191289890,161250360,164542233,194215907,156294636,166777245,194830290,177633272
194312041,181488644,190460633,177898445,182901671,157068351,193976855,151297660,181208012,142391213,144598762
194383371,187616046,158871704,183331566,155393760,176969181,176511258,149500203,167194695,199272518,132677060
194383833,201189010,122617081,200315113,184625730,200571951,161677969,178355727,121693370,153539451,184741504
194497602,152716258,169992401,162090969,182491859,191577607,187391201,161815128,175307246,188824770,159130634
194528834,183257232,163111503,193096572,198271706,181657524,185018728,200980614,143777560,183656422,191252870
194696119,185322496,189061208,188373496,146608046,154710267,195135774,158885073,168365125,161134147,195621004
194809123,182465314,172421131,161138359,151308444,144613014,134899493,166822012,193203066,170578741,167707388
194823104,194823169,160212410,189193604,193186348,182333702,174539002,67997123,111488132,195389203,197097036
194882504,15282595,140840605,195594491,131358480,172947869,189686267,177926067,169040773,162267771,187329912
194883650,176993998,188748270,143607688,143716759,178172144,190867819,194367464,183736326,179658152,200289137
194883913,195293406,165558370,173026795,168609304,200191656,190965319,139856993,180383120,174575371,95409378
194912250,191680838,178395837,66438022,172503302,196074632,102488506,114446142,164949793,91974100,195621004
195026898,195027114,180236910,161198040,191785077,173377784,193731841,109486049,157803825,87693360,148823416
195302093,182680708,193243899,99917760,174680568,177602604,196137335,168104934,173101021,186385076,173158627
195383865,156129586,198092474,161138359,182933508,184114947,195377595,199768375,199094754,191374033,180492391
195409706,163327670,196362229,182260749,197357075,201836395,148352109,194669203,165766604,191796984,198314988
195495184,195524740,123612557,182442474,185848921,169484031,114600316,147406763,103431956,174829144,180227398
195498050,149368405,162018619,114887224,76436100,184587375,194515901,157785366,134763300,139531142,163021682
195538277,190411958,191616491,187419831,194707313,186756066,32433838,201189010,157180593,144184915,159893369
195546348,158113784,198100182,78882250,189853221,191344771,133937101,136104017,139507679,194790994,140664036
195568438,195571643,157770671,167254818,158242611,191403471,167242424,120839784,192410324,173556240,91676141
195577343,190859512,166403811,188824770,157703914,185842930,190505488,179485516,152591927,143211511,199482134
195592591,188672879,193563138,186836773,183307996,181280641,187495154,197934121,48904774,117497822,190689313
195612175,178691045,176470334,48427504,199178934,69691538,182637586,190907231,183818914,195502285,195325004
195633816,172914105,179443657,167104669,152227695,199966747,157004647,185107305,187497851,161285026,189777411
195751382,195751201,55101591,187971726,191685597,190194364,193239270,141078730,156104314,139006297,151870951
195857104,195971665,195013956,178919119,195147768,127961193,187330027,147734818,115009065,136383899,191850385
195880885,585643,185504711,190809648,194939163,192568753,171420498,196591948,172528424,165357110,183327085
195990578,195990625,169443962,49876077,188374410,183821982,157620025,173537537,194111120,166461992,106189806
195996290,192407287,191319589,191699952,170229472,167011580,167295929,149223947,195352165,117368668,149747930
195998517,180995691,187980545,136099987,173126903,170592286,166826810,195490560,197529434,156525538,197208379
196161108,194317190,101183089,93122000,173976378,188095150,191592188,177513611,128886829,193046421,188873126
196168909,195515727,181766773,180942480,192793893,152895651,159652568,156361585,188836055,85354487,190076697
196276463,195132590,179669572,191117022,160826897,183419947,190264738,127371601,195811168,46929161,194820053
196367855,60041994,197199095,151071196,164523332,178301802,136099987,107598068,174133240,196087737,195544967
196425471,147991402,41672570,114368905,157991514,70356214,197332161,153476960,192389107,103391743,174896024
196542966,199649063,67495768,147297239,187206778,148480714,160028089,201906265,195351254,118704151,49168523
196701232,196700864,185504711,173237330,183590929,158358925,200075176,155914926,157991514,194997617,194390028
196923278,200607650,148069736,117576567,183816995,177509842,167279579,173704694,148253244,81262717,188018281
197005945,177417170,187728394,178799657,187417233,173026795,140206019,181535311,178548503,162806809,189055041
197051104,196337168,195827865,185830549,191165728,174669185,105187286,200730137,191312964,198349709,194498082
197056026,196777432,169600867,138378052,188761012,197290959,189957572,171420498,165949770,188122318,174113559
197143425,197143738,187717948,148877427,190074390,142558155,159601644,171081505,174790767,192675383,179026596
197210881,115599959,178821517,174141513,178226662,192430537,191592713,193720948,164166989,199908189,198505220
197211890,168376456,198506674,92429844,197455920,112348076,167678917,135567818,174958093,185198359,87233724
197371063,199575680,179889943,191322819,146458342,185199785,169358197,198364255,187947381,147758578,190545665
197528151,198669636,196883918,173403875,131745589,187497910,199618470,90289026,97906652,192791137,179697266
197602779,195984406,111122714,195324804,72781782,140160515,185067367,192584249,169319787,172220258,182444744
197663162,196077002,181208012,160593527,197352163,138020490,148428044,137781665,195617744,190236512,195964206
197976044,144445894,115810213,193552583,102275370,187417233,166669831,173073901,105671736,173508706,154808248
198066395,198066317,105923833,179425989,181671131,193805176,178021896,180507100,163736813,180295815,174094694
198146758,197685925,176961116,195487817,177107744,184458888,120281095,136462851,169909217,165573501,191016640
198400465,199957686,84264737,164308540,179204784,144884757,160593527,201644498,129792902,183870075,188647804
198553298,185071400,186879610,181342161,154676849,181068310,96881870,168588398,189078941,180618020,169161975
198555344,191560607,71372760,135865547,193620948,192581969,186157926,197396859,179658152,167762423,184589986
199179432,178854548,191245924,127175083,194367464,153359029,190393515,169100853,151043398,183899878,151393541
199587886,131472487,183810604,193851312,168301757,178803772,198935055,166636743,167927180,193194705,144109318
199613462,196561104,195588869,200370590,136111992,141353737,199569517,181987275,186705629,163713081,193032316
199843568,201058272,195331423,149479426,201450332,194564778,111488132,190957351,64014517,180834237,145667386
200033631,195494095,166669831,188941907,193102199,181659359,169180743,145906230,201906426,188578868,189930814
200067638,197217347,180834237,149716255,191612938,184458888,183555375,182570247,187363181,192392601,163833207
200254207,200030748,195965783,166702019,145685666,187957491,95842950,180109515,198654829,16074819,195389203
200424543,196327922,187198421,180289017,164920443,181139593,161529405,195043494,80471234,182872703,152021518
200881691,190538850,196415965,189348787,155152584,191241618,196092720,151512682,72781782,172328980,147400513
201270633,176892173,187106141,168967095,198073433,168703003,188344031,197018269,160839137,197105762,200198172
201472956,201472882,28530479,185170529,169361442,156752604,186098232,156572090,161958084,170552182,162914031
201525239,201525294,182928691,149646038,194593556,180756582,189761070,177866060,143062985,67624026,39086915
201537701,182324489,179159490,173216772,194180649,192422712,156870311,181593260,152693239,181636340,68351757
201646373,201125817,110422021,181480189,161435094,177836443,143692499,191356692,187505584,186596477,170466286
201891549,171280339,126040240,190868026,200594627,197005188,117924209,178363367,188167740,26162884,102488506
202763621,193289211,154036799,191386327,195527861,152919908,178355727,149183327,175023791,49168523,127379514
25012243,164888265,159273168,179667054,184583042,187190439,169964732,136518282,194621940,193642342,192766303
25227234,125384604,158238982,193518582,190154272,187504608,139945306,189595260,199060925,197090138,185831063
29498216,156211436,133358263,199275590,159842215,161866073,188948651,170355462,187728394,193721571,159187122
53483522,193392397,110489205,180618118,139340293,158777748,186804827,196106131,139479783,195486702,153578726
64372922,162018619,149557839,127466076,149558692,172418155,189135487,188807437,192108708,176334578,147993323
66021821,107459333,185167666,124747780,187006809,187523780,185182909,73160756,114616791,185341507,189777411
69030225,190950898,143777560,183899878,192423452,180403806,188178346,156870311,189769736,164242955,196676247
77210242,184476437,162790579,195617744,88222900,192992244,146805662,154014238,176576530,180867557,195387197
87337784,82553209,113932098,125055187,153284491,172130290,191320161,129761348,185750377,164333459,188823269
88835967,184831297,190347121,164019506,70614501,177107744,184927371,120289552,132567381,161136578,177280529
89193525,131910250,84782193,178899571,120852670,198464780,167295929,191299323,183218456,195818270,196600168
89294365,155860250,179814541,201892206,174467390,195731171,178652174,153476960,148052106,169351919,193795230
89620332,142506151,164320412,197121221,61280270,160706489,185084633,174187014,191677247,191359972,199564817
96184215,68526163,199394984,192997406,171802339,138174465,156857406,195597751,182453234,195189678,184713355
96530338,128118938,187434087,176706008,156857406,194621743,187260399,188123591,193018563,179359637,168545668
99323361,98242015,188204118,175198519,191973225,170679525,98129380,164690478,178885663,197108691,193988021
